agente,score_medio,score_std,score_max,tasa_exito,fuel_medio,pasos_medios,tiempo_total
Umbrales Simples,-465.53871330763593,84.46354482790149,-129.15996303666148,0.0,85.61300000000016,99.4,0.15503907203674316
Gymnasium PD Oficial,240.7259363748939,100.33856200897274,316.7539421295004,95.0,59.69899999999968,256.95,0.46130919456481934
PID Completo,276.6553514798385,16.814679140386936,313.2262199377576,100.0,56.41199999999961,237.65,0.43788695335388184
FSM 4 Fases,-29.939177150864154,140.7079663691731,291.135541585788,52.0,68.74699999999976,157.42,0.26001715660095215
Paramétrico Optimizado,240.7259363748939,100.33856200897274,316.7539421295004,95.0,59.69899999999968,256.95,0.467907190322876
Híbrido Eficiente,190.32704236513288,129.122558796667,316.7539421295004,92.0,64.66299999999971,225.3,0.39951395988464355
